id,nombre,apellido,email,sexo,ip_address,
2,Si,Holdall,sholdall1@berkeley.edu,Male,
3,Morry,Hendrix,mhendrix2@1688.com,Male,
4,Lillian,Sahnow,lsahnow3@wikispaces.com,Female,
5,Jourdain,Emlen,jemlen4@wsj.com,Male,
6,Millicent,Burne,mburne5@home.pl,Female,
7,Bartolemo,Shortell,bshortell6@sfgate.com,Male,
8,Port,Varnals,pvarnals7@hhs.gov,Male,
9,Neille,Eudall,neudall8@dion.ne.jp,Female,
10,Thomasin,Poundesford,tpoundesford9@statcounter.com,Female,
11,Michaelina,Kenneway,mkennewaya@apple.com,Female,
12,Susann,Gaddas,sgaddasb@tinyurl.com,Female,
13,Bengt,Tearle,btearlec@1688.com,Male,
14,Taite,Wooderson,twoodersond@people.com.cn,Male,
15,Arliene,Manley,amanleye@bizjournals.com,Female,
16,Tess,Willoughley,twilloughleyf@washingtonpost.com,Female,
17,Natka,Seabon,nseabong@homestead.com,Female,
18,Aubert,Richardin,arichardinh@de.vu,Male,
19,Petronilla,Baldwin,pbaldwini@oakley.com,Female,
20,Darb,Grangier,dgrangierj@facebook.com,Female,
21,Town,Hegdonne,thegdonnek@wikimedia.org,Male,
22,Edithe,Conaghan,econaghanl@163.com,Female,
23,Jess,Egdell,jegdellm@google.co.uk,Male,
24,Denis,Umbert,dumbertn@amazonaws.com,Male,
25,Drucie,Manville,dmanvilleo@privacy.gov.au,Female,
26,Murial,Kynman,mkynmanp@t.co,Female,
27,Andreas,Farnworth,afarnworthq@github.com,Male,
28,Tucker,Elder,telderr@home.pl,Male,
29,Egbert,Haitlie,ehaitlies@mysql.com,Male,
30,Colver,Litt,clittt@state.gov,Male,
31,Trumann,Courage,tcourageu@usatoday.com,Male,
32,Matilda,Wainer,mwainerv@mysql.com,Female,
33,Ferris,Guilaem,fguilaemw@unicef.org,Male,
34,Ulrick,McWhannel,umcwhannelx@icio.us,Male,
35,Dorelia,Gallienne,dgallienney@webeden.co.uk,Female,
36,Ingrid,Pulbrook,ipulbrookz@linkedin.com,Female,
37,Borden,Stollwerck,bstollwerck10@apache.org,Male,
38,Christi,Corrie,ccorrie11@is.gd,Female,
39,Caril,Cheales,ccheales12@ibm.com,Female,
40,Charmain,Eles,celes13@lulu.com,Female,
41,Jillane,Chevin,jchevin14@virginia.edu,Female,
42,Ferris,Arnholdt,farnholdt15@merriam-webster.com,Male,
43,Gay,Cleobury,gcleobury16@ucsd.edu,Female,
44,Torrie,Godney,tgodney17@purevolume.com,Female,
45,Cristabel,Rossborough,crossborough18@berkeley.edu,Female,
46,Janina,Mecco,jmecco19@google.co.uk,Female,
47,Savina,Hulatt,shulatt1a@forbes.com,Female,
48,Tammie,Rosenfrucht,trosenfrucht1b@wp.com,Male,
49,Marcile,Philott,mphilott1c@so-net.ne.jp,Female,
50,Eran,Mountstephen,emountstephen1d@nifty.com,Female,
51,Catlin,Budding,cbudding1e@springer.com,Female,
52,Caroline,Marriott,cmarriott1f@pcworld.com,Female,
53,Adair,Petzolt,apetzolt1g@timesonline.co.uk,Male,
54,Kelsy,Grassot,kgrassot1h@yolasite.com,Female,
55,Brittany,Garter,bgarter1i@pcworld.com,Female,
56,Jess,Camoletto,jcamoletto1j@eventbrite.com,Female,
57,Engelbert,Ganley,eganley1k@ebay.co.uk,Male,
58,Danica,Thorwarth,dthorwarth1l@163.com,Female,
59,Bail,Westphal,bwestphal1m@multiply.com,Male,


